DATE,UNEMPLOYMENT
1948-01-01,3.7500000000000000
1949-01-01,6.0500000000000000
1950-01-01,5.2083333333333333
1951-01-01,3.2833333333333333
1952-01-01,3.0250000000000000
1953-01-01,2.9250000000000000
1954-01-01,5.5916666666666667
1955-01-01,4.3666666666666667
1956-01-01,4.1250000000000000
1957-01-01,4.3000000000000000
1958-01-01,6.8416666666666667
1959-01-01,5.4500000000000000
1960-01-01,5.5416666666666667
1961-01-01,6.6916666666666667
1962-01-01,5.5666666666666667
1963-01-01,5.6416666666666667
1964-01-01,5.1583333333333333
1965-01-01,4.5083333333333333
1966-01-01,3.7916666666666667
1967-01-01,3.8416666666666667
1968-01-01,3.5583333333333333
1969-01-01,3.4916666666666667
1970-01-01,4.9833333333333333
1971-01-01,5.9500000000000000
1972-01-01,5.6000000000000000
1973-01-01,4.8583333333333333
1974-01-01,5.6416666666666667
1975-01-01,8.4750000000000000
1976-01-01,7.7000000000000000
1977-01-01,7.0500000000000000
1978-01-01,6.0666666666666667
1979-01-01,5.8500000000000000
1980-01-01,7.1750000000000000
1981-01-01,7.6166666666666667
1982-01-01,9.7083333333333333
1983-01-01,9.6000000000000000
1984-01-01,7.5083333333333333
1985-01-01,7.1916666666666667
1986-01-01,7.0000000000000000
1987-01-01,6.1750000000000000
1988-01-01,5.4916666666666667
1989-01-01,5.2583333333333333
1990-01-01,5.6166666666666667
1991-01-01,6.8500000000000000
1992-01-01,7.4916666666666667
1993-01-01,6.9083333333333333
1994-01-01,6.1000000000000000
1995-01-01,5.5916666666666667
1996-01-01,5.4083333333333333
1997-01-01,4.9416666666666667
1998-01-01,4.5000000000000000
1999-01-01,4.2166666666666667
2000-01-01,3.9666666666666667
2001-01-01,4.7416666666666667
2002-01-01,5.7833333333333333
2003-01-01,5.9916666666666667
2004-01-01,5.5416666666666667
2005-01-01,5.0833333333333333
2006-01-01,4.6083333333333333
2007-01-01,4.6166666666666667
2008-01-01,5.8000000000000000
2009-01-01,9.2833333333333333
2010-01-01,9.6083333333333333
2011-01-01,8.9333333333333333
2012-01-01,8.0750000000000000
2013-01-01,7.3583333333333333
2014-01-01,6.1750000000000000
2015-01-01,5.2666666666666667
2016-01-01,4.8666666666666667
2017-01-01,4.3500000000000000
